count,mean,median,std,p25,p75,min,max
2736,30.65144318597004,28,19.318406563780794,16,43,0,116
